<?xml version="1.0" encoding="UTF-8"?>
<project-private xmlns="http://www.netbeans.org/ns/project-private/1">
    <editor-bookmarks xmlns="http://www.netbeans.org/ns/editor-bookmarks/2" lastBookmarkId="0"/>
    <open-files xmlns="http://www.netbeans.org/ns/projectui-open-files/2">
        <group name="TDD TravelGood">
            <file>file:/Users/dxong/DTU/Development_of_Web_Services/WebServices/Project2/tdd/TravelGoodCA/test/results/createIT/Actual_20160523212110_F.xml</file>
            <file>file:/Users/dxong/DTU/Development_of_Web_Services/WebServices/Project2/tdd/TravelGoodCA/test/results/createIT/Actual_20160523212849_F.xml</file>
            <file>file:/Users/dxong/DTU/Development_of_Web_Services/WebServices/Project2/tdd/TravelGoodCA/test/TestCase2/Input.xml</file>
            <file>file:/Users/dxong/DTU/Development_of_Web_Services/WebServices/Project2/tdd/TravelGoodCA/test/results/createIT/Actual_20160523214217_F.xml</file>
            <file>file:/Users/dxong/DTU/Development_of_Web_Services/WebServices/Project2/tdd/TravelGoodCA/test/createIT/Output.xml</file>
            <file>file:/Users/dxong/DTU/Development_of_Web_Services/WebServices/Project2/tdd/TravelGoodCA/test/TestCase4/Input.xml</file>
            <file>file:/Users/dxong/DTU/Development_of_Web_Services/WebServices/Project2/tdd/TravelGoodCA/test/results/createIT/Actual_20160523215428_F.xml</file>
            <file>file:/Users/dxong/DTU/Development_of_Web_Services/WebServices/Project2/tdd/TravelGoodCA/test/results/createIT/Actual_20160523204635_S.xml</file>
            <file>file:/Users/dxong/DTU/Development_of_Web_Services/WebServices/Project2/tdd/TravelGoodCA/test/createIT/Input.xml</file>
        </group>
    </open-files>
</project-private>
