<?xml version="1.0" encoding="UTF-8"?><!--
        *** GENERATED FROM jax-ws.xml - DO NOT EDIT !                             ***
        *** TO MODIFY wsimport options USE Web Service node -> Edit WS Attributes ***
        *** TO CHANGE TARGETS GENERATED TO jaxws-build.xml COPY THOSE             ***
        *** TARGETS TO ../build.xml AND MODIFY THAT FILE INSTEAD                  ***

        --><project xmlns:xalan="http://xml.apache.org/xslt" xmlns:j2seproject3="http://www.netbeans.org/ns/j2se-project/3" xmlns:jaxws="http://www.netbeans.org/ns/jax-ws/1">
    <!--
                ===================
                JAX-WS WSIMPORT SECTION
                ===================
            -->
    <target name="wsimport-init" depends="init">
        <mkdir dir="${build.generated.sources.dir}/jax-ws"/>
        <taskdef name="wsimport" classname="com.sun.tools.ws.ant.WsImport">
            <classpath path="${libs.jaxws21.classpath}"/>
        </taskdef>
    </target>
    <target name="wsimport-client-BankService" depends="wsimport-init">
        <mkdir dir="${build.generated.dir}/jax-wsCache/BankService"/>
        <property name="wsdl-BankService" location="xml-resources/web-service-references/BankService/wsdl/fastmoney.imm.dtu.dk_8080/BankService.wsdl"/>
        <wsimport sourcedestdir="${build.generated.dir}/jax-wsCache/BankService" destdir="${build.generated.dir}/jax-wsCache/BankService" wsdl="${wsdl-BankService}" catalog="catalog.xml" encoding="${source.encoding}" extension="true" verbose="true" fork="false" wsdlLocation="http://fastmoney.imm.dtu.dk:8080/BankService?wsdl" xnocompile="true" xendorsed="true">
            <depends file="${wsdl-BankService}"/>
            <produces dir="${build.generated.dir}/jax-wsCache/BankService"/>
        </wsimport>
        <copy todir="${build.generated.sources.dir}/jax-ws">
            <fileset dir="${build.generated.dir}/jax-wsCache/BankService">
                <include name="**/*.java"/>
            </fileset>
        </copy>
    </target>
    <target name="wsimport-client-clean-BankService" depends="-init-project">
        <delete dir="${build.generated.dir}/jax-wsCache/BankService"/>
        <delete dir="${build.generated.sources.dir}/jax-ws/dk/dtu/imm/fastmoney"/>
    </target>
    <target name="wsimport-client-BankSecureService" depends="wsimport-init">
        <mkdir dir="${build.generated.dir}/jax-wsCache/BankSecureService"/>
        <property name="wsdl-BankSecureService" location="xml-resources/web-service-references/BankSecureService/wsdl/fastmoney.imm.dtu.dk_8080/BankSecureService.wsdl"/>
        <wsimport sourcedestdir="${build.generated.dir}/jax-wsCache/BankSecureService" destdir="${build.generated.dir}/jax-wsCache/BankSecureService" wsdl="${wsdl-BankSecureService}" catalog="catalog.xml" encoding="${source.encoding}" extension="true" verbose="true" fork="false" wsdlLocation="http://fastmoney.imm.dtu.dk:8080/BankSecureService?wsdl" xnocompile="true" xendorsed="true">
            <depends file="${wsdl-BankSecureService}"/>
            <produces dir="${build.generated.dir}/jax-wsCache/BankSecureService"/>
        </wsimport>
        <copy todir="${build.generated.sources.dir}/jax-ws">
            <fileset dir="${build.generated.dir}/jax-wsCache/BankSecureService">
                <include name="**/*.java"/>
            </fileset>
        </copy>
    </target>
    <target name="wsimport-client-clean-BankSecureService" depends="-init-project">
        <delete dir="${build.generated.dir}/jax-wsCache/BankSecureService"/>
        <delete dir="${build.generated.sources.dir}/jax-ws/dk/dtu/imm/fastmoney"/>
    </target>
    <target name="wsimport-client-AirlineReservationService" depends="wsimport-init">
        <mkdir dir="${build.generated.dir}/jax-wsCache/AirlineReservationService"/>
        <property name="wsdl-AirlineReservationService" location="xml-resources/web-service-references/AirlineReservationService/wsdl/localhost_8080/LameDuck/AirlineReservationService.wsdl"/>
        <wsimport sourcedestdir="${build.generated.dir}/jax-wsCache/AirlineReservationService" destdir="${build.generated.dir}/jax-wsCache/AirlineReservationService" wsdl="${wsdl-AirlineReservationService}" catalog="catalog.xml" encoding="${source.encoding}" extension="true" verbose="true" fork="false" wsdlLocation="http://localhost:8080/LameDuck/AirlineReservationService?wsdl" xnocompile="true" xendorsed="true">
            <depends file="${wsdl-AirlineReservationService}"/>
            <produces dir="${build.generated.dir}/jax-wsCache/AirlineReservationService"/>
        </wsimport>
        <copy todir="${build.generated.sources.dir}/jax-ws">
            <fileset dir="${build.generated.dir}/jax-wsCache/AirlineReservationService">
                <include name="**/*.java"/>
            </fileset>
        </copy>
    </target>
    <target name="wsimport-client-clean-AirlineReservationService" depends="-init-project">
        <delete dir="${build.generated.dir}/jax-wsCache/AirlineReservationService"/>
        <delete dir="${build.generated.sources.dir}/jax-ws/dk/dtu/webservice/airline/service"/>
    </target>
    <target name="wsimport-client-HotelReservationService" depends="wsimport-init">
        <mkdir dir="${build.generated.dir}/jax-wsCache/HotelReservationService"/>
        <property name="wsdl-HotelReservationService" location="xml-resources/web-service-references/HotelReservationService/wsdl/localhost_8080/NiceView/HotelReservationService.wsdl"/>
        <wsimport sourcedestdir="${build.generated.dir}/jax-wsCache/HotelReservationService" destdir="${build.generated.dir}/jax-wsCache/HotelReservationService" wsdl="${wsdl-HotelReservationService}" catalog="catalog.xml" encoding="${source.encoding}" extension="true" verbose="true" fork="false" wsdlLocation="http://localhost:8080/NiceView/HotelReservationService?wsdl" xnocompile="true" xendorsed="true">
            <depends file="${wsdl-HotelReservationService}"/>
            <produces dir="${build.generated.dir}/jax-wsCache/HotelReservationService"/>
        </wsimport>
        <copy todir="${build.generated.sources.dir}/jax-ws">
            <fileset dir="${build.generated.dir}/jax-wsCache/HotelReservationService">
                <include name="**/*.java"/>
            </fileset>
        </copy>
    </target>
    <target name="wsimport-client-clean-HotelReservationService" depends="-init-project">
        <delete dir="${build.generated.dir}/jax-wsCache/HotelReservationService"/>
        <delete dir="${build.generated.sources.dir}/jax-ws/dk/dtu/webservice/hotel/service"/>
    </target>
    <target name="wsimport-client-generate" depends="wsimport-client-BankService, wsimport-client-BankSecureService, wsimport-client-AirlineReservationService, wsimport-client-HotelReservationService"/>
</project>
