<?xml version="1.0" encoding="UTF-8"?>
<project-private xmlns="http://www.netbeans.org/ns/project-private/1">
    <editor-bookmarks xmlns="http://www.netbeans.org/ns/editor-bookmarks/2" lastBookmarkId="0"/>
    <open-files xmlns="http://www.netbeans.org/ns/projectui-open-files/2">
        <group name="TDD TravelGood">
            <file>file:/Users/dxong/DTU/Development_of_Web_Services/WebServices/Project2/tdd/TravelGood2BpelModule/src/travelGood2BpelModule.bpel</file>
            <file>file:/Users/dxong/DTU/Development_of_Web_Services/WebServices/Project2/tdd/TravelGood2BpelModule/src/TravelGoodWSDL.wsdl</file>
            <file>file:/Users/dxong/DTU/Development_of_Web_Services/WebServices/Project2/tdd/TravelGood2BpelModule/src/AirlineReservationService_schema1.xsd</file>
        </group>
    </open-files>
</project-private>
