<?xml version="1.0" encoding="UTF-8" standalone="no"?>
<jbi xmlns="http://java.sun.com/xml/ns/jbi" xmlns:ns0="http://enterprise.netbeans.org/bpel/TravelGood2BpelModule/travelGood2BpelModule" xmlns:ns1="http://service.airline.webservice.dtu.dk/" xmlns:ns2="http://service.hotel.webservice.dtu.dk/" xmlns:ns3="http://service.bpel.travelagency.webservice.dtu.dk/wsdl/TravelGood2BpelModule/src/TravelGoodWSDL" xmlns:ns4="http://www.sun.com/jbi/descriptor/service-unit" version="1.0">
    <services binding-component="false">
        <provides endpoint-name="TravelGoodWSDLPortTypeRole_myRole" interface-name="ns3:TravelGoodWSDLPortType" service-name="ns0:TravelGood">
            <ns4:display-name>TravelGood</ns4:display-name>
            <ns4:process-name>travelGood2BpelModule</ns4:process-name>
            <ns4:file-path>travelGood2BpelModule.bpel</ns4:file-path>
        </provides>
        <consumes endpoint-name="AirlineReservationServiceRole_partnerRole" interface-name="ns1:AirlineReservationService" service-name="ns0:LameDuck">
            <ns4:display-name>LameDuck</ns4:display-name>
            <ns4:process-name>travelGood2BpelModule</ns4:process-name>
            <ns4:file-path>travelGood2BpelModule.bpel</ns4:file-path>
        </consumes>
        <consumes endpoint-name="HotelReservationServiceRole_partnerRole" interface-name="ns2:HotelReservationService" service-name="ns0:NiceView">
            <ns4:display-name>NiceView</ns4:display-name>
            <ns4:process-name>travelGood2BpelModule</ns4:process-name>
            <ns4:file-path>travelGood2BpelModule.bpel</ns4:file-path>
        </consumes>
    </services>
</jbi>
