<?xml version="1.0" encoding="UTF-8" standalone="no"?>
<catalog xmlns="urn:oasis:names:tc:entity:xmlns:xml:catalog" prefer="system">
    <system systemId="http://localhost:8080/LameDuck/AirlineReservationService?wsdl" uri="wsdl/localhost_8080/LameDuck/AirlineReservationService.wsdl"/>
    <system systemId="http://localhost:8080/LameDuck/AirlineReservationService?xsd=1" uri="wsdl/localhost_8080/LameDuck/AirlineReservationService.xsd_1.xsd"/>
    <system systemId="http://localhost:8080/LameDuck/AirlineReservationService?xsd=2" uri="wsdl/localhost_8080/LameDuck/AirlineReservationService.xsd_2.xsd"/>
    <system systemId="http://localhost:8080/LameDuck/AirlineReservationService?xsd=3" uri="wsdl/localhost_8080/LameDuck/AirlineReservationService.xsd_3.xsd"/>
    <system systemId="http://localhost:8080/NiceView/HotelReservationService?wsdl" uri="wsdl/localhost_8080/NiceView/HotelReservationService.wsdl"/>
    <system systemId="http://localhost:8080/NiceView/HotelReservationService?xsd=1" uri="wsdl/localhost_8080/NiceView/HotelReservationService.xsd_1.xsd"/>
    <system systemId="http://localhost:8080/NiceView/HotelReservationService?xsd=2" uri="wsdl/localhost_8080/NiceView/HotelReservationService.xsd_2.xsd"/>
    <system systemId="http://localhost:8080/NiceView/HotelReservationService?xsd=3" uri="wsdl/localhost_8080/NiceView/HotelReservationService.xsd_3.xsd"/>
    <system systemId="http://fastmoney.imm.dtu.dk:8080/BankService?wsdl" uri="wsdl/fastmoney.imm.dtu.dk_8080/BankService.wsdl"/>
    <system systemId="http://fastmoney.imm.dtu.dk:8080/BankService?wsdl=1" uri="wsdl/fastmoney.imm.dtu.dk_8080/BankService.wsdl_1.wsdl"/>
    <system systemId="http://fastmoney.imm.dtu.dk:8080/BankService?xsd=1" uri="wsdl/fastmoney.imm.dtu.dk_8080/BankService.xsd_1.xsd"/>
    <system systemId="http://fastmoney.imm.dtu.dk:8080/BankService?xsd=2" uri="wsdl/fastmoney.imm.dtu.dk_8080/BankService.xsd_2.xsd"/>
</catalog>