<?xml version="1.0" encoding="UTF-8" standalone="no"?>
<catalog xmlns="urn:oasis:names:tc:entity:xmlns:xml:catalog" prefer="system">
    <system systemId="http://kaspers-mbp:9080/TravelAgencyCA-sun-http-binding/TravelGoodBpelModule/TravelGoodSchema.xsd" uri="xml-resources/web-service-references/TravelAgencyPort/wsdl/kaspers-mbp_9080/TravelAgencyCA-sun-http-binding/TravelGoodBpelModule/TravelGoodSchema.xsd"/>
    <system systemId="http://kaspers-mbp:9080/TravelAgencyCA-sun-http-binding/TravelGoodBpelModule/soapservicewrapperSchema.xsd" uri="xml-resources/web-service-references/TravelAgencyPort/wsdl/kaspers-mbp_9080/TravelAgencyCA-sun-http-binding/TravelGoodBpelModule/soapservicewrapperSchema.xsd"/>
    <system systemId="http://localhost:9080/service1/TravelAgencyPort?wsdl" uri="xml-resources/web-service-references/TravelAgencyPort/wsdl/localhost_9080/service1/TravelAgencyPort.wsdl"/>
    <system systemId="http://10.16.135.58:9080/TravelAgencyCA-sun-http-binding/TravelGoodBpelModule/TravelGoodSchema.xsd" uri="xml-resources/web-service-references/TravelAgencyPort/wsdl/10.16.135.58_9080/TravelAgencyCA-sun-http-binding/TravelGoodBpelModule/TravelGoodSchema.xsd"/>
    <system systemId="http://10.16.135.58:9080/TravelAgencyCA-sun-http-binding/TravelGoodBpelModule/soapservicewrapperSchema.xsd" uri="xml-resources/web-service-references/TravelAgencyPort/wsdl/10.16.135.58_9080/TravelAgencyCA-sun-http-binding/TravelGoodBpelModule/soapservicewrapperSchema.xsd"/>
    <system systemId="http://dxong:8080/LameDuck/AirlineReservationService?wsdl" uri="xml-resources/web-service-references/AirlineReservationService/wsdl/dxong_8080/LameDuck/AirlineReservationService.wsdl"/>
    <system systemId="http://dxong:8080/LameDuck/AirlineReservationService?xsd=1" uri="xml-resources/web-service-references/AirlineReservationService/wsdl/dxong_8080/LameDuck/AirlineReservationService.xsd_1.xsd"/>
    <system systemId="http://dxong:8080/LameDuck/AirlineReservationService?xsd=2" uri="xml-resources/web-service-references/AirlineReservationService/wsdl/dxong_8080/LameDuck/AirlineReservationService.xsd_2.xsd"/>
    <system systemId="http://dxong:8080/LameDuck/AirlineReservationService?xsd=3" uri="xml-resources/web-service-references/AirlineReservationService/wsdl/dxong_8080/LameDuck/AirlineReservationService.xsd_3.xsd"/>
    <system systemId="http://dxong:8080/NiceView/HotelReservationService?wsdl" uri="xml-resources/web-service-references/HotelReservationService/wsdl/dxong_8080/NiceView/HotelReservationService.wsdl"/>
    <system systemId="http://dxong:8080/NiceView/HotelReservationService?xsd=1" uri="xml-resources/web-service-references/HotelReservationService/wsdl/dxong_8080/NiceView/HotelReservationService.xsd_1.xsd"/>
    <system systemId="http://dxong:8080/NiceView/HotelReservationService?xsd=2" uri="xml-resources/web-service-references/HotelReservationService/wsdl/dxong_8080/NiceView/HotelReservationService.xsd_2.xsd"/>
    <system systemId="http://dxong:8080/NiceView/HotelReservationService?xsd=3" uri="xml-resources/web-service-references/HotelReservationService/wsdl/dxong_8080/NiceView/HotelReservationService.xsd_3.xsd"/>
    <system systemId="http://joshua:8080/LameDuck/AirlineReservationService?wsdl" uri="xml-resources/web-service-references/AirlineReservationService_1/wsdl/joshua_8080/LameDuck/AirlineReservationService.wsdl"/>
    <system systemId="http://joshua:8080/LameDuck/AirlineReservationService?xsd=1" uri="xml-resources/web-service-references/AirlineReservationService_1/wsdl/joshua_8080/LameDuck/AirlineReservationService.xsd_1.xsd"/>
    <system systemId="http://joshua:8080/LameDuck/AirlineReservationService?xsd=2" uri="xml-resources/web-service-references/AirlineReservationService_1/wsdl/joshua_8080/LameDuck/AirlineReservationService.xsd_2.xsd"/>
    <system systemId="http://joshua:8080/LameDuck/AirlineReservationService?xsd=3" uri="xml-resources/web-service-references/AirlineReservationService_1/wsdl/joshua_8080/LameDuck/AirlineReservationService.xsd_3.xsd"/>
    <system systemId="http://localhost:8080/LameDuck/AirlineReservationService?wsdl" uri="xml-resources/web-service-references/AirlineReservationService/wsdl/localhost_8080/LameDuck/AirlineReservationService.wsdl"/>
    <system systemId="http://localhost:8080/LameDuck/AirlineReservationService?xsd=1" uri="xml-resources/web-service-references/AirlineReservationService/wsdl/localhost_8080/LameDuck/AirlineReservationService.xsd_1.xsd"/>
    <system systemId="http://localhost:8080/LameDuck/AirlineReservationService?xsd=2" uri="xml-resources/web-service-references/AirlineReservationService/wsdl/localhost_8080/LameDuck/AirlineReservationService.xsd_2.xsd"/>
    <system systemId="http://localhost:8080/LameDuck/AirlineReservationService?xsd=3" uri="xml-resources/web-service-references/AirlineReservationService/wsdl/localhost_8080/LameDuck/AirlineReservationService.xsd_3.xsd"/>
    <system systemId="http://localhost:8080/NiceView/HotelReservationService?wsdl" uri="xml-resources/web-service-references/HotelReservationService/wsdl/localhost_8080/NiceView/HotelReservationService.wsdl"/>
    <system systemId="http://localhost:8080/NiceView/HotelReservationService?xsd=1" uri="xml-resources/web-service-references/HotelReservationService/wsdl/localhost_8080/NiceView/HotelReservationService.xsd_1.xsd"/>
    <system systemId="http://localhost:8080/NiceView/HotelReservationService?xsd=2" uri="xml-resources/web-service-references/HotelReservationService/wsdl/localhost_8080/NiceView/HotelReservationService.xsd_2.xsd"/>
    <system systemId="http://localhost:8080/NiceView/HotelReservationService?xsd=3" uri="xml-resources/web-service-references/HotelReservationService/wsdl/localhost_8080/NiceView/HotelReservationService.xsd_3.xsd"/>
    <nextCatalog catalog="nbproject/private/retriever/catalog.xml"/>
</catalog>