<?xml version="1.0" encoding="UTF-8"?><!--
        *** GENERATED FROM jax-ws.xml - DO NOT EDIT !                             ***
        *** TO MODIFY wsimport options USE Web Service node -> Edit WS Attributes ***
        *** TO CHANGE TARGETS GENERATED TO jaxws-build.xml COPY THOSE             ***
        *** TARGETS TO ../build.xml AND MODIFY THAT FILE INSTEAD                  ***

        --><project xmlns:j2seproject3="http://www.netbeans.org/ns/j2se-project/3" xmlns:xalan="http://xml.apache.org/xslt" xmlns:jaxws="http://www.netbeans.org/ns/jax-ws/1">
    <!--
                ===================
                JAX-WS WSIMPORT SECTION
                ===================
            -->
    <target name="wsimport-init" depends="init">
        <mkdir dir="${build.generated.sources.dir}/jax-ws"/>
        <taskdef name="wsimport" classname="com.sun.tools.ws.ant.WsImport">
            <classpath path="${libs.jaxws21.classpath}"/>
        </taskdef>
    </target>
    <target name="wsimport-client-TravelGoodPort" depends="wsimport-init">
        <mkdir dir="${build.generated.dir}/jax-wsCache/TravelGoodPort"/>
        <property name="wsdl-TravelGoodPort" location="xml-resources/web-service-references/TravelGoodPort/wsdl/localhost_9080/service1/TravelGoodPort.wsdl"/>
        <wsimport sourcedestdir="${build.generated.dir}/jax-wsCache/TravelGoodPort" destdir="${build.generated.dir}/jax-wsCache/TravelGoodPort" wsdl="${wsdl-TravelGoodPort}" catalog="catalog.xml" encoding="${source.encoding}" extension="true" verbose="true" fork="false" wsdlLocation="http://localhost:9080/service1/TravelGoodPort?wsdl" xnocompile="true" xendorsed="true">
            <depends file="${wsdl-TravelGoodPort}"/>
            <produces dir="${build.generated.dir}/jax-wsCache/TravelGoodPort"/>
        </wsimport>
        <copy todir="${build.generated.sources.dir}/jax-ws">
            <fileset dir="${build.generated.dir}/jax-wsCache/TravelGoodPort">
                <include name="**/*.java"/>
            </fileset>
        </copy>
    </target>
    <target name="wsimport-client-clean-TravelGoodPort" depends="-init-project">
        <delete dir="${build.generated.dir}/jax-wsCache/TravelGoodPort"/>
        <delete dir="${build.generated.sources.dir}/jax-ws/dk/dtu/webservice/travelagency/bpel/service/wsdl/travelgood2bpelmodule/src/travelgoodwsdl"/>
    </target>
    <target name="wsimport-client-generate" depends="wsimport-client-TravelGoodPort"/>
</project>
